dataset_id,dataset_slug,dataset_title,network,excluded_resource_id,excluded_resource_url,other_producer_resource_ids,decision
6449c52caeceb71273a42dd3,reseau-urbain-et-interurbain-dile-de-france-mobilites,Réseaux urbains et interurbains d'Île-de-France Mobilités (IDFM),Île-de-France (region),80931,https://gtech-transit-prod.apigee.net/v1/google/gtfs/odbl/iledefrance_public.zip?apikey=BasyG6OFZXgXnzWdQLTwJFGcGmeOs204&secret=gNo6F5PhQpsGRBCK,80921,dropped (true duplicate: dataset keeps another producer GTFS resource)
6449c52caeceb71273a42dd3,reseau-urbain-et-interurbain-dile-de-france-mobilites,Réseaux urbains et interurbains d'Île-de-France Mobilités (IDFM),Île-de-France (region),83316,https://opendata.itoworld.com/fr/paris/gouv_paris_gtfs-export.zip,80921,dropped (true duplicate: dataset keeps another producer GTFS resource)
5cd4321f8b4c4137d1244318,donnees-statiques-et-temps-reel-du-reseau-astuce-metropole-rouen-normandie,Réseau urbain Astuce,Métropole Rouen Normandie (epci),84182,https://gtfs.bus-tracker.fr/astuce-global.zip,64973,dropped (true duplicate: dataset keeps another producer GTFS resource)
636a9af02a03225c607bc19e,gtfs-urbain-de-la-zone-sud,Réseau urbain de la zone Sud (CAESM),CA de l'Espace Sud de la Martinique (epci),81193,https://static.data.gouv.fr/resources/gtfs-urbain-de-la-zone-sud/20230821-030926/gtfs-maritime-martinique.zip,79897,dropped (true duplicate: dataset keeps another producer GTFS resource)
636a9af02a03225c607bc19e,gtfs-urbain-de-la-zone-sud,Réseau urbain de la zone Sud (CAESM),CA de l'Espace Sud de la Martinique (epci),80394,https://static.data.gouv.fr/resources/gtfs-urbain-de-la-zone-sud/20230109-181149/gtfs-sud-sudlib.zip,79897,dropped (true duplicate: dataset keeps another producer GTFS resource)
5ed7997e20371802a7ee1400,transports-en-commun-audomarois-1,Réseau urbain Mouvéo,CA du Pays de Saint-Omer (epci),83988,https://static.data.gouv.fr/resources/transports-en-commun-audomarois-1/20260424-185310/20-04-2026.zip,83987,dropped (true duplicate: dataset keeps another producer GTFS resource)
62bf8ab7cafeeffcada1f85d,reseau-de-bus-urbain-horizon,Réseau urbain Horizon,CA Châteauroux Métropole (epci),81365,https://static.data.gouv.fr/resources/reseau-de-bus-urbain-horizon/20231109-153356/gtfs-20231109-115706.zip,84169,dropped (true duplicate: dataset keeps another producer GTFS resource)
6357f252e8746ab0a790f68e,reseau-de-transport-urbains-dignois,Réseau urbain TUD,CA Provence-Alpes-Agglomération (epci),81367,https://static.data.gouv.fr/resources/reseau-de-transport-urbains-dignois/20240603-092831/rtud-v8-gtfs-2024-06-03-11-20-05.zip,83915,dropped (true duplicate: dataset keeps another producer GTFS resource)
5c419aaa8b4c4144b27a82f3,offre-transport-en-commun-du-reseau-transpor-gtfs,Réseau urbain Transp’Or,CA du Pays de l'Or (epci),79551,https://static.data.gouv.fr/resources/offre-transport-en-commun-du-reseau-transpor-gtfs/20220701-115247/transp-or-ete-v1-gtfs-2022-06-30-17-38-32.zip,84099,dropped (true duplicate: dataset keeps another producer GTFS resource)
5cb42b2a8b4c4178f85e4a16,reseau-urbain-interurbain-et-scolaire-de-la-communaute-dagglomeration-privas-centre-ardeche,Réseau urbain et scolaire T'CAP,CA Privas Centre Ardèche (epci),79274,https://static.data.gouv.fr/resources/reseau-urbain-interurbain-et-scolaire-de-la-communaute-dagglomeration-privas-centre-ardeche/20240830-054117/t-cap-dsp24-gtfs-2024-08-30-07-35-58.zip,81342;79272,dropped (true duplicate: dataset keeps another producer GTFS resource)
5e2071886f44414fdba2b300,transport-urbain-du-bassin,Réseau urbain TUB,CC Decazeville Communauté (epci),22408,https://static.data.gouv.fr/resources/transport-urbain-du-bassin/20200805-161154/transports-urbains-du-bassin-version-1-3-gtfs-2020-07-30-17-59-13.zip,11492,dropped (true duplicate: dataset keeps another producer GTFS resource)
5e2071886f44414fdba2b300,transport-urbain-du-bassin,Réseau urbain TUB,CC Decazeville Communauté (epci),80253,https://static.data.gouv.fr/resources/transport-urbain-du-bassin/20230102-111115/transports-urbains-du-bassin-version-2-4-gtfs-2023-01-02-10-36-49.zip,11492,dropped (true duplicate: dataset keeps another producer GTFS resource)
